topic_time_ms,topic_time_us,success,return_code,q0_w,q1_x,q2_y,q3_z
5187,5187000,1,0,0.5663534998893738,-0.009712428785860538,-0.00272760889492929,0.8241007328033447
5287,5287000,1,0,0.5663282871246338,-0.009705077856779099,-0.002748762024566531,0.8241180777549744
5388,5388000,1,0,0.5663113594055176,-0.009697956033051014,-0.00275944103486836,0.8241297602653503
5487,5487000,1,0,0.5663037300109863,-0.009702028706669807,-0.002765534911304712,0.8241349458694458
5587,5587000,1,0,0.5663148760795593,-0.009714488871395588,-0.002763298340141773,0.8241271376609802
5687,5687000,1,0,0.5663645267486572,-0.009719422087073326,-0.002772934967651963,0.8240928649902344
5787,5787000,1,0,0.5663451552391052,-0.00971668679267168,-0.002767852041870356,0.8241062164306641
5888,5888000,1,0,0.5663158297538757,-0.009724399074912071,-0.002766121411696076,0.8241263628005981
5987,5987000,1,0,0.5662941336631775,-0.009716492146253586,-0.002769649727270007,0.8241413235664368
6087,6087000,1,0,0.5662774443626404,-0.009710195474326611,-0.002759126713499427,0.824152946472168
6187,6187000,1,0,0.5662404894828796,-0.009700712747871876,-0.002752529922872782,0.8241783976554871
6287,6287000,1,0,0.566258430480957,-0.009695835411548615,-0.002741241594776511,0.8241661787033081
6387,6387000,1,0,0.5662952065467834,-0.009705998934805393,-0.002743361750617623,0.8241407871246338
6487,6487000,1,0,0.5662928819656372,-0.009717334993183613,-0.002738253911957145,0.8241423368453979
6587,6587000,1,0,0.5663177371025085,-0.009714520536363125,-0.00272391876205802,0.8241252303123474
6687,6687000,1,0,0.5663130283355713,-0.009720076806843281,-0.002737395698204637,0.8241284489631653
6787,6787000,1,0,0.5663294196128845,-0.009728709235787392,-0.002730116248130798,0.8241170048713684
6887,6887000,1,0,0.5663291215896606,-0.009730641730129719,-0.002722183708101511,0.8241171836853027
6987,6987000,1,0,0.5663497447967529,-0.009765003807842731,-0.00272602285258472,0.8241026401519775
7087,7087000,1,0,0.5663403272628784,-0.009764049202203751,-0.002727692946791649,0.8241091966629028
7187,7187000,1,0,0.5663153529167175,-0.009767415933310986,-0.002729694591835141,0.8241262435913086
7287,7287000,1,0,0.5663480758666992,-0.00973912701010704,-0.002729823347181082,0.8241041302680969
7387,7387000,1,0,0.5664040446281433,-0.009739633649587631,-0.002729135099798441,0.8240656852722168
7488,7488000,1,0,0.5664345622062683,-0.009741275571286678,-0.002728504594415426,0.8240446448326111
7587,7587000,1,0,0.5664243102073669,-0.009750352241098881,-0.002737708855420351,0.8240516185760498
7687,7687000,1,0,0.5664709806442261,-0.009729413315653801,-0.002718327566981316,0.8240197896957397
7787,7787000,1,0,0.5664865970611572,-0.009738320484757423,-0.00271810288541019,0.8240089416503906
7887,7887000,1,0,0.5664379596710205,-0.009724644012749195,-0.002720048418268561,0.8240425586700439
7987,7987000,1,0,0.5664387345314026,-0.009735817089676857,-0.002717345952987671,0.8240419030189514
8087,8087000,1,0,0.5664324164390564,-0.009727141819894314,-0.002713930793106556,0.8240463137626648
8187,8187000,1,0,0.5664384365081787,-0.009722133167088032,-0.002729888074100018,0.8240422010421753
8287,8287000,1,0,0.5664083361625671,-0.00970922876149416,-0.002739574760198593,0.8240630030632019
8387,8387000,1,0,0.566417932510376,-0.009715542197227478,-0.002731784479692578,0.8240563869476318
8487,8487000,1,0,0.5663762092590332,-0.009716811589896679,-0.002760667121037841,0.824084997177124
8587,8587000,1,0,0.5663685202598572,-0.009723473340272903,-0.002774158725515008,0.8240900635719299
8687,8687000,1,0,0.5663528442382812,-0.00973927229642868,-0.002775474917143583,0.8241007328033447
8787,8787000,1,0,0.5663596391677856,-0.009744603186845779,-0.002778288908302784,0.8240959644317627
8887,8887000,1,0,0.5663677453994751,-0.009730599820613861,-0.002784400247037411,0.8240905404090881
8987,8987000,1,0,0.5663934946060181,-0.009723737835884094,-0.002786114346235991,0.8240728974342346
9087,9087000,1,0,0.5664098262786865,-0.009728317148983479,-0.002799262292683125,0.8240615725517273
9187,9187000,1,0,0.5664377212524414,-0.009732279926538467,-0.002825404517352581,0.8240423202514648
9287,9287000,1,0,0.5664554834365845,-0.009697765111923218,-0.002836355939507484,0.8240304589271545
9387,9387000,1,0,0.5664854049682617,-0.009673259221017361,-0.002837425796315074,0.8240101933479309
9487,9487000,1,0,0.5664533376693726,-0.009662449359893799,-0.002848089672625065,0.8240322470664978
9587,9587000,1,0,0.5664571523666382,-0.009678028523921967,-0.002872971119359136,0.8240293860435486
9687,9687000,1,0,0.5664288997650146,-0.009670439176261425,-0.002871270291507244,0.8240489363670349
9787,9787000,1,0,0.5664716362953186,-0.009668751619756222,-0.002885165857151151,0.8240194916725159
9887,9887000,1,0,0.56648850440979,-0.009668666869401932,-0.00289445323869586,0.8240078687667847
9987,9987000,1,0,0.566521942615509,-0.009659632109105587,-0.002911800984293222,0.8239849209785461
10088,10088000,1,0,0.5665189623832703,-0.00963861495256424,-0.002913016360253096,0.8239871859550476
10187,10187000,1,0,0.5665000677108765,-0.009636696428060532,-0.002902612090110779,0.8240002989768982
10287,10287000,1,0,0.5664907693862915,-0.009633339941501617,-0.00291052833199501,0.8240067362785339
10388,10388000,1,0,0.5665026903152466,-0.009646737948060036,-0.00291987881064415,0.8239982128143311
10487,10487000,1,0,0.566487193107605,-0.009634221903979778,-0.002928663277998567,0.824009120464325
10588,10588000,1,0,0.5665256381034851,-0.009622041136026382,-0.002945289481431246,0.8239827156066895
10687,10687000,1,0,0.5665626525878906,-0.009621091187000275,-0.002953536342829466,0.8239572048187256
10787,10787000,1,0,0.5665367841720581,-0.009615183807909489,-0.002952625043690205,0.8239750266075134
10887,10887000,1,0,0.5665410757064819,-0.009597293101251125,-0.002954993396997452,0.8239724040031433
10987,10987000,1,0,0.5665401220321655,-0.009602207690477371,-0.002966205822303891,0.8239728808403015
11087,11087000,1,0,0.5665180683135986,-0.00959812942892313,-0.002969592809677124,0.823988139629364
11187,11187000,1,0,0.5664845705032349,-0.009590515866875648,-0.002964800922200084,0.8240111470222473
11287,11287000,1,0,0.5664841532707214,-0.009604011662304401,-0.002984052058309317,0.8240113258361816
11387,11387000,1,0,0.5665279626846313,-0.009614382870495319,-0.002984745893627405,0.8239810466766357
11487,11487000,1,0,0.5665501952171326,-0.009591643698513508,-0.002963837003335357,0.8239661455154419
11588,11588000,1,0,0.5665522813796997,-0.009591975249350071,-0.002964424667879939,0.8239645957946777
11687,11687000,1,0,0.5665790438652039,-0.009593648836016655,-0.002972278278321028,0.8239462375640869
11787,11787000,1,0,0.566562831401825,-0.009582262486219406,-0.002963005797937512,0.8239575624465942
11887,11887000,1,0,0.5665682554244995,-0.009581580758094788,-0.002965244231745601,0.8239538073539734
11987,11987000,1,0,0.5665775537490845,-0.009596322663128376,-0.002978652250021696,0.8239471316337585
12087,12087000,1,0,0.5666257739067078,-0.009602541103959084,-0.002976484596729279,0.8239139914512634
12187,12187000,1,0,0.5666126012802124,-0.009613833390176296,-0.002962877973914146,0.8239229917526245
12287,12287000,1,0,0.5666126012802124,-0.009613833390176296,-0.002962877973914146,0.8239229917526245
12387,12387000,1,0,0.5665825605392456,-0.009610982611775398,-0.002958016935735941,0.8239436149597168
12487,12487000,1,0,0.5665707588195801,-0.009611192159354687,-0.002945488318800926,0.8239517211914062
12587,12587000,1,0,0.5665901303291321,-0.009618137963116169,-0.002947230357676744,0.8239384293556213
12687,12687000,1,0,0.5665745139122009,-0.009611893445253372,-0.002950613852590322,0.8239492177963257
12788,12788000,1,0,0.5665642619132996,-0.00961074884980917,-0.002963639795780182,0.8239562511444092
12887,12887000,1,0,0.5665642619132996,-0.00961074884980917,-0.002963639795780182,0.8239562511444092
12987,12987000,1,0,0.5665725469589233,-0.009624270722270012,-0.002983874175697565,0.8239503502845764
13087,13087000,1,0,0.5665903091430664,-0.009625152684748173,-0.002965060994029045,0.8239380717277527
13187,13187000,1,0,0.5665636658668518,-0.009633543901145458,-0.002962500089779496,0.8239564299583435
13287,13287000,1,0,0.5665619969367981,-0.009634160436689854,-0.002965485444292426,0.8239575028419495
13387,13387000,1,0,0.5665788650512695,-0.009655839763581753,-0.002962512895464897,0.8239456415176392
13487,13487000,1,0,0.566591203212738,-0.009662946686148643,-0.002966977190226316,0.8239370584487915
13587,13587000,1,0,0.5665851235389709,-0.009668143466114998,-0.002966884756460786,0.8239412307739258
13687,13687000,1,0,0.5665719509124756,-0.009675849229097366,-0.002977135125547647,0.8239501714706421
13787,13787000,1,0,0.5665410757064819,-0.009676064364612103,-0.002974893897771835,0.8239713907241821
13887,13887000,1,0,0.5665076971054077,-0.009684471413493156,-0.002979943295940757,0.8239942193031311
13987,13987000,1,0,0.5665128827095032,-0.009699830785393715,-0.00298437406308949,0.8239904642105103
14087,14087000,1,0,0.5664870738983154,-0.009696926921606064,-0.002982475329190493,0.8240082263946533
14187,14187000,1,0,0.566449761390686,-0.009694640524685383,-0.002998158102855086,0.824033796787262
14287,14287000,1,0,0.5664482116699219,-0.009677221067249775,-0.003006593324244022,0.8240350484848022
14387,14387000,1,0,0.5664548277854919,-0.009661901742219925,-0.002988731022924185,0.8240306973457336
14487,14487000,1,0,0.5664685964584351,-0.0096747986972332,-0.002998501528054476,0.8240211606025696
14587,14587000,1,0,0.5664384365081787,-0.009674115106463432,-0.002999550430104136,0.8240417838096619
14687,14687000,1,0,0.5664442777633667,-0.009677138179540634,-0.003019099123775959,0.8240376710891724
14787,14787000,1,0,0.5664448142051697,-0.009680155664682388,-0.003010335145518184,0.8240373730659485
14887,14887000,1,0,0.5664198994636536,-0.009680993854999542,-0.003008695086464286,0.8240544199943542
14987,14987000,1,0,0.5664196610450745,-0.009675395675003529,-0.003016111673787236,0.8240546584129333
15087,15087000,1,0,0.566460907459259,-0.009676277637481689,-0.003020073054358363,0.824026346206665
15188,15188000,1,0,0.5664188861846924,-0.009660010226070881,-0.003004764439538121,0.8240553736686707
15287,15287000,1,0,0.5663973689079285,-0.009641215205192566,-0.003000119002535939,0.8240704536437988
15387,15387000,1,0,0.5663835406303406,-0.0096317483112216,-0.002999599790200591,0.8240801095962524
15487,15487000,1,0,0.5663991570472717,-0.009626789949834347,-0.003006214974448085,0.8240694403648376
15587,15587000,1,0,0.5663790702819824,-0.009647076949477196,-0.003012389643117785,0.8240828514099121
15687,15687000,1,0,0.5663897395133972,-0.009637389332056046,-0.003008808009326458,0.8240757584571838
15787,15787000,1,0,0.5664007067680359,-0.00964172650128603,-0.002994103590026498,0.8240682482719421
15887,15887000,1,0,0.566379189491272,-0.00963109452277422,-0.003000206546857953,0.8240830898284912
15987,15987000,1,0,0.5663462281227112,-0.009636001661419868,-0.003011266468092799,0.8241055607795715
16087,16087000,1,0,0.5663177371025085,-0.009630495682358742,-0.003007712541148067,0.8241252899169922
16187,16187000,1,0,0.566348671913147,-0.009620022028684616,-0.002993139438331127,0.8241041302680969
16287,16287000,1,0,0.5663366913795471,-0.009618169628083706,-0.00300001073628664,0.8241123557090759
16387,16387000,1,0,0.5663523077964783,-0.009594707749783993,-0.002992202527821064,0.8241020441055298
16487,16487000,1,0,0.5663500428199768,-0.009577495977282524,-0.002992792287841439,0.8241037130355835
16587,16587000,1,0,0.5663003325462341,-0.009563512168824673,-0.003002409357577562,0.8241380453109741
16687,16687000,1,0,0.5662840604782104,-0.009567268192768097,-0.003014818299561739,0.8241491317749023
16787,16787000,1,0,0.566260039806366,-0.009562355466187,-0.003017604118213058,0.8241657018661499
16887,16887000,1,0,0.5662412643432617,-0.009561575949192047,-0.003012078581377864,0.8241786360740662
16987,16987000,1,0,0.5663065314292908,-0.009565399959683418,-0.002993416041135788,0.8241337537765503
17087,17087000,1,0,0.5663245916366577,-0.009567679837346077,-0.002986955922096968,0.824121356010437
17187,17187000,1,0,0.5663189291954041,-0.009558122605085373,-0.00299424072727561,0.8241252899169922
17287,17287000,1,0,0.5663139820098877,-0.009546972811222076,-0.00298433261923492,0.8241288661956787
17387,17387000,1,0,0.566317617893219,-0.009537712670862675,-0.002993069821968675,0.8241264820098877
17487,17487000,1,0,0.5663525462150574,-0.009547462686896324,-0.002991259796544909,0.8241024613380432
17587,17587000,1,0,0.566336452960968,-0.009545283392071724,-0.00300567620433867,0.8241133689880371
17687,17687000,1,0,0.5662996768951416,-0.009526611305773258,-0.003030118532478809,0.824138879776001
17787,17787000,1,0,0.5663148760795593,-0.009527895599603653,-0.003023918019607663,0.8241284489631653
17887,17887000,1,0,0.5662876963615417,-0.009530474431812763,-0.003012767992913723,0.82414710521698
17987,17987000,1,0,0.5663127303123474,-0.009519876912236214,-0.00302291545085609,0.8241298794746399
18087,18087000,1,0,0.5663161873817444,-0.009503671899437904,-0.003027780214324594,0.8241277933120728
18187,18187000,1,0,0.5663293600082397,-0.009510309435427189,-0.003037009621039033,0.8241186141967773
18287,18287000,1,0,0.5663527250289917,-0.009506411850452423,-0.00303243612870574,0.824102520942688
18387,18387000,1,0,0.566311776638031,-0.009508661925792694,-0.003039594972506166,0.8241307139396667
18487,18487000,1,0,0.5662873387336731,-0.009502646513283253,-0.003040299518033862,0.8241475224494934
